{"cameraMode":{"drawMode":0,"name":"Shaded","section":"Shading Mode"},"sceneLighting":true,"audioPlay":false,"sceneViewState":{"showFog":true,"showMaterialUpdate":false,"showSkybox":true,"showFlares":true,"showImageEffects":true,"showParticleSystems":true},"in2DMode":false,"pivot":{"x":-1.254570722579956,"y":3.90370512008667,"z":-1.1920928955078126e-7},"rotation":{"x":0.17055128514766694,"y":0.4120360016822815,"z":-0.07880266010761261,"w":0.8915877938270569},"size":5.961825847625732,"orthographic":true}