{"cameraMode":{"drawMode":0,"name":"Shaded","section":"Shading Mode"},"sceneLighting":true,"audioPlay":false,"sceneViewState":{"showFog":true,"showMaterialUpdate":false,"showSkybox":true,"showFlares":true,"showImageEffects":true,"showParticleSystems":true},"in2DMode":false,"pivot":{"x":-1.69679856300354,"y":1.8776310682296754,"z":0.0006129592657089233},"rotation":{"x":0.1396060734987259,"y":0.5426978468894959,"z":-0.09203005582094193,"w":0.8231158256530762},"size":15.865455627441407,"orthographic":true}