{"cameraMode":{"drawMode":0,"name":"Shaded","section":"Shading Mode"},"sceneLighting":false,"audioPlay":false,"sceneViewState":{"showFog":true,"showMaterialUpdate":false,"showSkybox":true,"showFlares":true,"showImageEffects":true,"showParticleSystems":true},"in2DMode":false,"pivot":{"x":14.829999923706055,"y":1.75,"z":31.739999771118165},"rotation":{"x":0.18591654300689698,"y":0.5583246350288391,"z":-0.13007909059524537,"w":0.7979900240898132},"size":1.1431547403335572,"orthographic":true}