{"cameraMode":{"drawMode":0,"name":"Shaded","section":"Shading Mode"},"sceneLighting":true,"audioPlay":false,"sceneViewState":{"showFog":true,"showMaterialUpdate":false,"showSkybox":true,"showFlares":true,"showImageEffects":true,"showParticleSystems":true},"in2DMode":false,"pivot":{"x":-1.69679856300354,"y":1.8776310682296754,"z":0.0006129592657089233},"rotation":{"x":0.03929037228226662,"y":-0.24100136756896974,"z":0.009777815081179142,"w":0.9696798324584961},"size":15.865455627441407,"orthographic":true}