{"cameraMode":{"drawMode":0,"name":"Shaded","section":"Shading Mode"},"sceneLighting":true,"audioPlay":false,"sceneViewState":{"showFog":true,"showMaterialUpdate":false,"showSkybox":true,"showFlares":true,"showImageEffects":true,"showParticleSystems":true},"in2DMode":false,"pivot":{"x":-10.300000190734864,"y":90.4000015258789,"z":-10.699999809265137},"rotation":{"x":0.14104445278644563,"y":0.29877957701683047,"z":-0.044687435030937198,"w":0.9427832365036011},"size":22.0,"orthographic":true}