{"cameraMode":{"drawMode":0,"name":"Shaded","section":"Shading Mode"},"sceneLighting":true,"audioPlay":false,"sceneViewState":{"showFog":true,"showMaterialUpdate":false,"showSkybox":true,"showFlares":true,"showImageEffects":true,"showParticleSystems":true},"in2DMode":false,"pivot":{"x":-1.69679856300354,"y":1.8776310682296754,"z":0.0006129592657089233},"rotation":{"x":0.1020902544260025,"y":0.43830421566963198,"z":-0.05017292872071266,"w":0.8915994763374329},"size":15.865455627441407,"orthographic":true}