{"cameraMode":{"drawMode":0,"name":"Shaded","section":"Shading Mode"},"sceneLighting":false,"audioPlay":false,"sceneViewState":{"showFog":true,"showMaterialUpdate":false,"showSkybox":true,"showFlares":true,"showImageEffects":true,"showParticleSystems":true},"in2DMode":false,"pivot":{"x":-0.8470860719680786,"y":1.3397220373153687,"z":-2.384185791015625e-7},"rotation":{"x":0.024949410930275918,"y":0.9652110934257507,"z":-0.10025760531425476,"w":0.24019478261470796},"size":5.4897541999816898,"orthographic":true}