{"cameraMode":{"drawMode":0,"name":"Shaded","section":"Shading Mode"},"sceneLighting":true,"audioPlay":false,"sceneViewState":{"showFog":true,"showMaterialUpdate":false,"showSkybox":true,"showFlares":true,"showImageEffects":true,"showParticleSystems":true},"in2DMode":false,"pivot":{"x":-28.030500411987306,"y":2.3999996185302736,"z":-23.878999710083009},"rotation":{"x":0.6388729214668274,"y":0.04562106728553772,"z":-0.03798329457640648,"w":0.7670185565948486},"size":66.41455841064453,"orthographic":true}