{"cameraMode":{"drawMode":0,"name":"Shaded","section":"Shading Mode"},"sceneLighting":false,"audioPlay":false,"sceneViewState":{"showFog":true,"showMaterialUpdate":false,"showSkybox":true,"showFlares":true,"showImageEffects":true,"showParticleSystems":true},"in2DMode":false,"pivot":{"x":-0.8470860719680786,"y":1.3397220373153687,"z":-2.384185791015625e-7},"rotation":{"x":0.11763574928045273,"y":0.3765501379966736,"z":-0.048271939158439639,"w":0.917628288269043},"size":5.4897541999816898,"orthographic":true}