{"cameraMode":{"drawMode":0,"name":"Shaded","section":"Shading Mode"},"sceneLighting":true,"audioPlay":false,"sceneViewState":{"showFog":true,"showMaterialUpdate":false,"showSkybox":true,"showFlares":true,"showImageEffects":true,"showParticleSystems":true},"in2DMode":false,"pivot":{"x":-10.300000190734864,"y":59.79999923706055,"z":3.200000047683716},"rotation":{"x":0.4700605869293213,"y":0.05765264853835106,"z":-0.030773641541600229,"w":0.8802114129066467},"size":27.4153995513916,"orthographic":true}