{"cameraMode":{"drawMode":0,"name":"Shaded","section":"Shading Mode"},"sceneLighting":true,"audioPlay":false,"sceneViewState":{"showFog":true,"showMaterialUpdate":false,"showSkybox":true,"showFlares":true,"showImageEffects":true,"showParticleSystems":true},"in2DMode":false,"pivot":{"x":2.553969621658325,"y":-0.9573500156402588,"z":-0.09776054322719574},"rotation":{"x":0.17134740948677064,"y":0.1407507061958313,"z":-0.024729803204536439,"w":0.9747911095619202},"size":29.797983169555665,"orthographic":true}